IP Address	Port	Code	Country	Anonymity	Google	Https	Last Checked
197.232.69.137	61733	KE	Kenya	elite proxy	no	yes	18 seconds ago
182.53.96.215	38293	TH	Thailand	elite proxy	no	yes	18 seconds ago
46.182.131.240	48195	RU	Russian Federation	elite proxy	no	yes	18 seconds ago
124.41.211.180	53292	NP	Nepal	elite proxy	no	yes	18 seconds ago
185.21.149.253	47996	PL	Poland	elite proxy	no	yes	18 seconds ago
109.106.138.123	53300	RU	Russian Federation	elite proxy	no	yes	18 seconds ago
177.101.48.246	37626	BR	Brazil	elite proxy	no	yes	18 seconds ago
80.237.20.20	45523	RU	Russian Federation	elite proxy	no	yes	18 seconds ago
136.228.128.14	61158	KH	Cambodia	elite proxy	no	yes	18 seconds ago
210.213.228.12	3128	PH	Philippines	anonymous	no	yes	18 seconds ago
195.112.197.210	33224	LB	Lebanon	anonymous	no	yes	18 seconds ago
171.255.192.118	8080	VN	Vietnam	anonymous	no	yes	18 seconds ago
103.250.152.30	35451	IN	India	elite proxy	no	yes	18 seconds ago
124.41.213.122	53375	NP	Nepal	elite proxy	no	yes	18 seconds ago
159.224.194.220	50519	UA	Ukraine	elite proxy	no	yes	18 seconds ago
24.226.146.46	33847	CA	Canada	elite proxy	no	yes	18 seconds ago
125.25.80.77	47484	TH	Thailand	elite proxy	no	yes	18 seconds ago
212.42.113.240	43472	KG	Kyrgyzstan	elite proxy	no	yes	18 seconds ago
103.3.76.90	38804	ID	Indonesia	elite proxy	no	yes	18 seconds ago
192.99.167.179	3128	CA	Canada	elite proxy	no	yes	18 seconds ago
46.219.77.3	53361	UA	Ukraine	elite proxy	no	yes	18 seconds ago
181.112.57.54	53281	EC	Ecuador	elite proxy	no	yes	18 seconds ago
182.253.62.168	3129	ID	Indonesia	elite proxy	no	yes	18 seconds ago
95.79.28.168	53491	RU	Russian Federation	elite proxy	no	yes	18 seconds ago
93.76.84.18	37742	UA	Ukraine	elite proxy	no	yes	18 seconds ago
148.102.57.122	8080	PE	Peru	anonymous	no	yes	18 seconds ago
118.174.233.17	59402	TH	Thailand	elite proxy	no	yes	18 seconds ago
176.62.180.228	44551	RU	Russian Federation	elite proxy	no	yes	18 seconds ago
201.16.148.184	3128	BR	Brazil	anonymous	no	yes	18 seconds ago
158.255.23.146	59904	CZ	Czech Republic	elite proxy	no	yes	18 seconds ago
88.255.102.20	23500	TR	Turkey	elite proxy	no	yes	18 seconds ago
31.28.5.123	33510	RU	Russian Federation	elite proxy	no	yes	18 seconds ago
54.38.100.96	8080	FR	France	elite proxy	no	yes	18 seconds ago
118.179.69.233	41581	BD	Bangladesh	elite proxy	no	yes	18 seconds ago
83.221.216.110	47326	RU	Russian Federation	elite proxy	no	yes	18 seconds ago
92.46.35.166	32426	KZ	Kazakhstan	elite proxy	no	yes	18 seconds ago
1.10.186.219	56039	TH	Thailand	elite proxy	no	yes	18 seconds ago
128.199.194.192	8080	SG	Singapore	anonymous	no	yes	18 seconds ago
191.252.196.201	3128	BR	Brazil	anonymous	no	yes	18 seconds ago
190.146.202.224	43057	CO	Colombia	elite proxy	no	yes	18 seconds ago
202.58.109.47	34100	BD	Bangladesh	elite proxy	no	yes	18 seconds ago
181.196.151.82	46456	EC	Ecuador	elite proxy	no	yes	18 seconds ago
203.128.94.102	54165	ID	Indonesia	elite proxy	no	yes	18 seconds ago
125.27.251.97	41226	TH	Thailand	elite proxy	no	yes	18 seconds ago
103.68.0.58	43680	ID	Indonesia	elite proxy	no	yes	18 seconds ago
118.172.201.144	48424	TH	Thailand	elite proxy	no	yes	18 seconds ago
79.106.33.18	8080	AL	Albania	elite proxy	no	yes	18 seconds ago
170.247.154.115	43128	PA	Panama	elite proxy	no	yes	18 seconds ago
1.20.100.252	47334	TH	Thailand	elite proxy	no	yes	18 seconds ago
118.175.226.30	30381	TH	Thailand	elite proxy	no	yes	18 seconds ago
103.242.184.160	30458	IN	India	elite proxy	no	yes	18 seconds ago
79.144.205.115	3128	ES	Spain	anonymous	no	yes	18 seconds ago
12.133.183.51	8080	US	United States	anonymous	no	yes	18 seconds ago
179.43.156.91	3128	CH	Switzerland	anonymous	no	yes	18 seconds ago
117.58.245.66	38869	BD	Bangladesh	elite proxy	no	yes	18 seconds ago
46.63.58.139	53281	UA	Ukraine	elite proxy	no	yes	18 seconds ago
1.179.206.89	33922	TH	Thailand	elite proxy	no	yes	18 seconds ago
200.54.47.228	44152	CL	Chile	elite proxy	no	yes	18 seconds ago
119.40.95.122	42463	BD	Bangladesh	elite proxy	no	yes	18 seconds ago
190.248.13.19	50553	CO	Colombia	elite proxy	no	yes	18 seconds ago
14.232.208.222	59993	VN	Vietnam	elite proxy	no	yes	18 seconds ago
192.157.233.98	3128	US	United States	anonymous	no	yes	18 seconds ago
37.200.121.179	36673	RU	Russian Federation	elite proxy	no	yes	18 seconds ago
190.90.140.59	55269	CO	Colombia	elite proxy	no	yes	11 minutes ago
138.68.195.120	1080	US	United States	anonymous	no	yes	11 minutes ago
203.128.68.242	53281	ID	Indonesia	elite proxy	no	yes	11 minutes ago
95.133.186.234	39573	UA	Ukraine	elite proxy	no	yes	11 minutes ago
217.10.117.59	52606	SE	Sweden	elite proxy	no	yes	11 minutes ago
5.141.244.231	58590	RU	Russian Federation	anonymous	no	yes	11 minutes ago
201.139.125.90	21213	MX	Mexico	elite proxy	no	yes	11 minutes ago
150.129.170.11	41109	IN	India	elite proxy	no	yes	11 minutes ago
41.77.186.14	8080	GN	Guinea	elite proxy	no	yes	11 minutes ago
195.222.106.226	52006	RO	Romania	elite proxy	no	yes	11 minutes ago
45.123.43.66	41721	BD	Bangladesh	elite proxy	no	yes	11 minutes ago
36.75.214.119	8080	ID	Indonesia	anonymous	no	yes	11 minutes ago
197.210.217.66	41526	NG	Nigeria	elite proxy	no	yes	11 minutes ago
86.127.69.58	53281	RO	Romania	elite proxy	no	yes	11 minutes ago
45.224.129.169	8080	BR	Brazil	anonymous	no	yes	11 minutes ago
200.122.209.78	53680	CO	Colombia	elite proxy	no	yes	11 minutes ago
202.43.113.18	58364	ID	Indonesia	elite proxy	no	yes	11 minutes ago
191.37.183.209	60139	BR	Brazil	elite proxy	no	yes	11 minutes ago
36.78.131.182	34723	ID	Indonesia	elite proxy	no	yes	11 minutes ago
45.6.100.250	38320	BR	Brazil	elite proxy	no	yes	11 minutes ago
62.148.148.63	60438	RU	Russian Federation	elite proxy	no	yes	11 minutes ago
95.31.130.96	38796	RU	Russian Federation	elite proxy	no	yes	11 minutes ago
178.63.238.172	3128	DE	Germany	elite proxy	no	yes	11 minutes ago
158.58.133.13	21213	RU	Russian Federation	elite proxy	no	yes	11 minutes ago
46.61.156.9	30836	RU	Russian Federation	elite proxy	no	yes	12 minutes ago
103.106.193.37	38476	IN	India	elite proxy	no	yes	12 minutes ago
118.174.232.16	40547	TH	Thailand	elite proxy	no	yes	12 minutes ago
109.251.252.123	50171	UA	Ukraine	elite proxy	no	yes	12 minutes ago
1.20.97.52	54098	TH	Thailand	elite proxy	no	yes	12 minutes ago
177.85.117.120	40933	BR	Brazil	elite proxy	no	yes	12 minutes ago
103.194.192.29	31129	IN	India	elite proxy	no	yes	12 minutes ago
178.94.86.176	50819	UA	Ukraine	elite proxy	no	yes	12 minutes ago
158.140.140.73	32087	SG	Singapore	elite proxy	no	yes	12 minutes ago
62.249.140.198	60858	RU	Russian Federation	elite proxy	no	yes	12 minutes ago
118.174.220.54	47324	TH	Thailand	elite proxy	no	yes	12 minutes ago
46.146.209.132	51348	RU	Russian Federation	elite proxy	no	yes	12 minutes ago
118.173.232.99	48224	TH	Thailand	elite proxy	no	yes	12 minutes ago
103.247.194.33	53161	NZ	New Zealand	elite proxy	no	yes	12 minutes ago
83.2.189.66	38011	PL	Poland	elite proxy	no	yes	12 minutes ago
89.22.210.191	41258	PL	Poland	transparent	no	no	13 seconds ago
125.209.116.94	60364	PK	Pakistan	transparent	no	no	13 seconds ago
103.46.233.50	81	IN	India	transparent	no	no	13 seconds ago
103.90.159.57	46484	IN	India	transparent	no	no	13 seconds ago
67.205.152.108	8888	US	United States	transparent	no	no	13 seconds ago
66.181.165.223	36267	MN	Mongolia	transparent	no	no	13 seconds ago
36.80.202.174	8080	ID	Indonesia	transparent	no	no	13 seconds ago
170.0.112.224	50359	BR	Brazil	transparent	no	no	13 seconds ago
201.184.162.38	30064	CO	Colombia	transparent	no	no	13 seconds ago
92.111.247.202	8080	NL	Netherlands	transparent	no	no	13 seconds ago
36.67.137.25	80	ID	Indonesia	transparent	no	no	13 seconds ago
92.51.36.1	8080	RU	Russian Federation	transparent	no	no	13 seconds ago
202.169.252.230	8080	ID	Indonesia	transparent	no	no	13 seconds ago
5.152.233.9	8080	BA	Bosnia and Herzegovina	transparent	no	no	13 seconds ago
185.151.27.239	54632	IT	Italy	transparent	no	no	13 seconds ago
176.241.92.44	32435	IQ	Iraq	transparent	no	no	13 seconds ago
202.5.51.133	32362	BD	Bangladesh	transparent	no	no	13 seconds ago
131.255.34.17	36922	BR	Brazil	transparent	no	no	13 seconds ago
36.67.206.187	8080	ID	Indonesia	transparent	no	no	13 seconds ago
104.248.82.81	8000	NL	Netherlands	transparent	no	no	13 seconds ago
155.232.186.74	3128	ZA	South Africa	transparent	no	no	13 seconds ago
167.99.89.187	8080	GB	United Kingdom	transparent	no	no	13 seconds ago
103.229.84.117	8080	BD	Bangladesh	transparent	no	no	13 seconds ago
103.106.32.225	35711	BD	Bangladesh	transparent	no	no	13 seconds ago
46.225.248.11	8080	IR	Iran	transparent	no	no	13 seconds ago
103.106.238.107	8080	BD	Bangladesh	transparent	no	no	13 seconds ago
103.209.64.19	6666	IN	India	transparent	no	no	13 seconds ago
178.172.208.244	32231	BY	Belarus	transparent	no	no	13 seconds ago
154.73.159.10	8585	ZA	South Africa	transparent	no	no	13 seconds ago
103.224.37.129	8080	IN	India	transparent	no	no	13 seconds ago
189.7.65.169	8080	BR	Brazil	transparent	no	no	13 seconds ago
201.49.73.143	92	BR	Brazil	transparent	no	no	13 seconds ago
37.139.102.181	38498	UA	Ukraine	transparent	no	no	13 seconds ago
35.185.36.99	3128	US	United States	transparent	no	no	13 seconds ago
160.238.136.9	23500	BZ	Belize	transparent	no	no	13 seconds ago
223.27.114.24	57181	BD	Bangladesh	transparent	no	no	13 seconds ago
62.196.125.170	39036	IT	Italy	transparent	no	no	13 seconds ago
14.102.152.158	8080	ID	Indonesia	transparent	no	no	14 seconds ago
187.35.158.150	38872	BR	Brazil	transparent	no	no	14 seconds ago
131.196.143.78	33729	MX	Mexico	transparent	no	no	14 seconds ago
1.10.188.181	51093	TH	Thailand	transparent	no	no	14 seconds ago
196.22.215.194	8080	ZA	South Africa	transparent	no	no	14 seconds ago
185.102.237.50	31995	RS	Serbia	transparent	no	no	14 seconds ago
114.134.186.25	58704	KH	Cambodia	transparent	no	no	14 seconds ago
181.129.47.27	48814	CO	Colombia	transparent	no	no	14 seconds ago
103.96.233.245	8080	AF	Afghanistan	transparent	no	no	14 seconds ago
165.16.113.210	8080	LY	Libya	transparent	no	no	14 seconds ago
92.247.2.26	21231	BG	Bulgaria	transparent	no	no	14 seconds ago
27.111.38.89	35464	ID	Indonesia	transparent	no	no	14 seconds ago
203.82.45.187	80	PH	Philippines	transparent	no	no	14 seconds ago
88.220.188.191	48176	PL	Poland	transparent	no	no	14 seconds ago
194.224.188.82	3128	ES	Spain	transparent	no	no	14 seconds ago
122.15.131.65	52005	IN	India	transparent	no	no	14 seconds ago
118.175.186.106	50921	TH	Thailand	transparent	no	no	14 seconds ago
186.94.17.151	8080	VE	Venezuela	transparent	no	no	14 seconds ago
43.231.215.245	35798	IN	India	transparent	no	no	14 seconds ago
154.73.65.116	50910	TZ	Tanzania	transparent	no	no	14 seconds ago
45.235.86.1	51996	BR	Brazil	transparent	no	no	14 seconds ago